{"cameraMode":{"drawMode":0,"name":"Shaded","section":"Shading Mode"},"sceneLighting":true,"audioPlay":false,"sceneViewState":{"m_AlwaysRefresh":false,"showFog":true,"showSkybox":true,"showFlares":true,"showImageEffects":true,"showParticleSystems":true,"showVisualEffectGraphs":true,"m_FxEnabled":true},"in2DMode":false,"pivot":{"x":-8.531634330749512,"y":7.76719856262207,"z":5.425865650177002},"rotation":{"x":0.3122393488883972,"y":-0.037864457815885547,"z":0.012466389685869217,"w":0.9491719007492065},"size":1.6974103450775147,"orthographic":false}