{"cameraMode":{"drawMode":0,"name":"Shaded","section":"Shading Mode"},"sceneLighting":true,"audioPlay":false,"sceneViewState":{"m_AlwaysRefresh":false,"showFog":true,"showSkybox":true,"showFlares":true,"showImageEffects":true,"showParticleSystems":true,"showVisualEffectGraphs":true,"m_FxEnabled":true},"in2DMode":false,"pivot":{"x":-0.4964006543159485,"y":15.29008960723877,"z":10.27277660369873},"rotation":{"x":-0.0005179431173019111,"y":0.8986029028892517,"z":-0.43851688504219057,"w":-0.0010581830283626915},"size":3.5960397720336916,"orthographic":false}