{"cameraMode":{"drawMode":0,"name":"Shaded","section":"Shading Mode"},"sceneLighting":true,"audioPlay":false,"sceneViewState":{"m_AlwaysRefresh":false,"showFog":true,"showSkybox":true,"showFlares":true,"showImageEffects":true,"showParticleSystems":true,"showVisualEffectGraphs":true,"m_FxEnabled":true},"in2DMode":false,"pivot":{"x":423.5057678222656,"y":866.0598754882813,"z":-23.640872955322267},"rotation":{"x":0.04991234466433525,"y":-0.05241011455655098,"z":0.0026280272286385299,"w":0.9974011778831482},"size":288.3492431640625,"orthographic":false}