{"cameraMode":{"drawMode":0,"name":"Shaded","section":"Shading Mode"},"sceneLighting":true,"audioPlay":false,"sceneViewState":{"m_AlwaysRefresh":false,"showFog":true,"showSkybox":true,"showFlares":true,"showImageEffects":true,"showParticleSystems":true,"showVisualEffectGraphs":true,"m_FxEnabled":true},"in2DMode":false,"pivot":{"x":-0.7453839182853699,"y":3.8013558387756349,"z":5.110957145690918},"rotation":{"x":-0.37366896867752077,"y":0.002453325781971216,"z":-0.0008837957866489887,"w":-0.9274601340293884},"size":3.5960397720336916,"orthographic":false}