{"cameraMode":{"drawMode":0,"name":"Shaded","section":"Shading Mode"},"sceneLighting":true,"audioPlay":false,"sceneViewState":{"m_AlwaysRefresh":false,"showFog":true,"showSkybox":true,"showFlares":true,"showImageEffects":true,"showParticleSystems":true,"showVisualEffectGraphs":true,"m_FxEnabled":true},"in2DMode":false,"pivot":{"x":-16.889999389648439,"y":3.133953332901001,"z":-9.37378215789795},"rotation":{"x":0.28896453976631167,"y":-0.039237070828676227,"z":0.011853988282382489,"w":0.9564641118049622},"size":9.450506210327149,"orthographic":true}