{"cameraMode":{"drawMode":0,"name":"Shaded","section":"Shading Mode"},"sceneLighting":true,"audioPlay":false,"sceneViewState":{"m_AlwaysRefresh":false,"showFog":true,"showSkybox":true,"showFlares":true,"showImageEffects":true,"showParticleSystems":true,"showVisualEffectGraphs":true,"m_FxEnabled":true},"in2DMode":false,"pivot":{"x":-8.208601951599121,"y":-29.443443298339845,"z":35.25486755371094},"rotation":{"x":-0.4964785873889923,"y":0.06204323470592499,"z":-0.035601016134023669,"w":-0.8651090860366821},"size":27.428791046142579,"orthographic":false}