{"cameraMode":{"drawMode":0,"name":"Shaded","section":"Shading Mode"},"sceneLighting":true,"audioPlay":false,"sceneViewState":{"m_AlwaysRefresh":false,"showFog":true,"showSkybox":true,"showFlares":true,"showImageEffects":true,"showParticleSystems":true,"showVisualEffectGraphs":true,"m_FxEnabled":true},"in2DMode":false,"pivot":{"x":3.1778037548065187,"y":14.140508651733399,"z":80.99713134765625},"rotation":{"x":0.01010575145483017,"y":0.87193763256073,"z":-0.4888758361339569,"w":0.018215877935290338},"size":3.5960397720336916,"orthographic":false}