{"cameraMode":{"drawMode":0,"name":"Shaded","section":"Shading Mode"},"sceneLighting":true,"audioPlay":false,"sceneViewState":{"m_AlwaysRefresh":false,"showFog":true,"showSkybox":true,"showFlares":true,"showImageEffects":true,"showParticleSystems":true,"showVisualEffectGraphs":true,"m_FxEnabled":true},"in2DMode":false,"pivot":{"x":-10.437077522277832,"y":-6.173904895782471,"z":43.308921813964847},"rotation":{"x":0.24934373795986176,"y":0.0038737794384360315,"z":-0.0009970691753551365,"w":0.9684234261512756},"size":41.51224899291992,"orthographic":false}