{"cameraMode":{"drawMode":0,"name":"Shaded","section":"Shading Mode"},"sceneLighting":true,"audioPlay":false,"sceneViewState":{"m_AlwaysRefresh":false,"showFog":true,"showSkybox":true,"showFlares":true,"showImageEffects":true,"showParticleSystems":true,"showVisualEffectGraphs":true,"m_FxEnabled":true},"in2DMode":false,"pivot":{"x":-0.40018463134765627,"y":8.130694389343262,"z":-10.531557083129883},"rotation":{"x":0.407260000705719,"y":0.29335227608680727,"z":-0.14025352895259858,"w":0.8532521724700928},"size":0.3499901592731476,"orthographic":false}