{"cameraMode":{"drawMode":0,"name":"Shaded","section":"Shading Mode"},"sceneLighting":true,"audioPlay":false,"sceneViewState":{"m_AlwaysRefresh":false,"showFog":true,"showSkybox":true,"showFlares":true,"showImageEffects":true,"showParticleSystems":true,"showVisualEffectGraphs":true,"m_FxEnabled":true},"in2DMode":false,"pivot":{"x":-13.765995979309082,"y":2.1320743560791017,"z":-3.5100557804107668},"rotation":{"x":0.5170779228210449,"y":0.14485886693000794,"z":-0.08929230272769928,"w":0.8388544321060181},"size":1.8302379846572877,"orthographic":true}