{"cameraMode":{"drawMode":0,"name":"Shaded","section":"Shading Mode"},"sceneLighting":true,"audioPlay":false,"sceneViewState":{"m_AlwaysRefresh":false,"showFog":true,"showSkybox":true,"showFlares":true,"showImageEffects":true,"showParticleSystems":true,"showVisualEffectGraphs":true,"m_FxEnabled":true},"in2DMode":false,"pivot":{"x":-18.692638397216798,"y":2.3121626377105715,"z":22.793432235717775},"rotation":{"x":0.03396586328744888,"y":0.04146534577012062,"z":-0.001394369057379663,"w":0.9985576868057251},"size":7.3151750564575199,"orthographic":false}