{"cameraMode":{"drawMode":0,"name":"Shaded","section":"Shading Mode"},"sceneLighting":true,"audioPlay":false,"sceneViewState":{"m_AlwaysRefresh":false,"showFog":true,"showSkybox":true,"showFlares":true,"showImageEffects":true,"showParticleSystems":true,"showVisualEffectGraphs":true,"m_FxEnabled":true},"in2DMode":false,"pivot":{"x":0.12855121493339539,"y":4.523758888244629,"z":-3.132720470428467},"rotation":{"x":-0.17210057377815247,"y":-0.015145271085202694,"z":0.002746167592704296,"w":-0.9848691821098328},"size":3.1665077209472658,"orthographic":false}