{"cameraMode":{"drawMode":0,"name":"Shaded","section":"Shading Mode"},"sceneLighting":true,"audioPlay":false,"sceneViewState":{"m_AlwaysRefresh":false,"showFog":true,"showSkybox":true,"showFlares":true,"showImageEffects":true,"showParticleSystems":true,"showVisualEffectGraphs":true,"m_FxEnabled":true},"in2DMode":false,"pivot":{"x":4.380807399749756,"y":5.897611618041992,"z":68.54495239257813},"rotation":{"x":0.005293668247759342,"y":0.9818300008773804,"z":-0.18679481744766236,"w":0.02833736315369606},"size":3.5960397720336916,"orthographic":false}