{"cameraMode":{"drawMode":0,"name":"Shaded","section":"Shading Mode"},"sceneLighting":true,"audioPlay":false,"sceneViewState":{"m_AlwaysRefresh":false,"showFog":true,"showSkybox":true,"showFlares":true,"showImageEffects":true,"showParticleSystems":true,"showVisualEffectGraphs":true,"m_FxEnabled":true},"in2DMode":false,"pivot":{"x":1.8345880508422852,"y":9.08338737487793,"z":74.05416107177735},"rotation":{"x":0.0048997304402291779,"y":0.7772862911224365,"z":-0.6290706992149353,"w":0.006063390523195267},"size":9.91366958618164,"orthographic":false}