{"cameraMode":{"drawMode":0,"name":"Shaded","section":"Shading Mode"},"sceneLighting":true,"audioPlay":false,"sceneViewState":{"m_AlwaysRefresh":false,"showFog":true,"showSkybox":true,"showFlares":true,"showImageEffects":true,"showParticleSystems":true,"showVisualEffectGraphs":true,"m_FxEnabled":true},"in2DMode":false,"pivot":{"x":-7.482094764709473,"y":2.3279988765716554,"z":10.955666542053223},"rotation":{"x":0.22868859767913819,"y":0.023488963022828103,"z":-0.0054904683493077759,"w":0.973149299621582},"size":2.8381052017211916,"orthographic":false}