{"cameraMode":{"drawMode":0,"name":"Shaded","section":"Shading Mode"},"sceneLighting":false,"audioPlay":false,"sceneViewState":{"m_AlwaysRefresh":false,"showFog":true,"showSkybox":false,"showFlares":true,"showImageEffects":true,"showParticleSystems":true,"showVisualEffectGraphs":true,"m_FxEnabled":true},"in2DMode":false,"pivot":{"x":-2.9802322387695315e-8,"y":-0.3930653929710388,"z":0.029850393533706666},"rotation":{"x":0.5968242883682251,"y":0.03847412392497063,"z":-0.028669657185673715,"w":0.800932765007019},"size":0.6459989547729492,"orthographic":false}