{"cameraMode":{"drawMode":0,"name":"Shaded","section":"Shading Mode"},"sceneLighting":false,"audioPlay":false,"sceneViewState":{"m_AlwaysRefresh":false,"showFog":false,"showSkybox":false,"showFlares":false,"showImageEffects":false,"showParticleSystems":false,"showVisualEffectGraphs":true,"m_FxEnabled":true},"in2DMode":false,"pivot":{"x":-0.9766948223114014,"y":1.2045361995697022,"z":0.11035299301147461},"rotation":{"x":-0.017126237973570825,"y":-0.9686663150787354,"z":0.23788006603717805,"w":-0.06976290792226792},"size":0.8660253882408142,"orthographic":false}