{"cameraMode":{"drawMode":0,"name":"Shaded","section":"Shading Mode"},"sceneLighting":false,"audioPlay":false,"sceneViewState":{"m_AlwaysRefresh":false,"showFog":false,"showSkybox":false,"showFlares":false,"showImageEffects":false,"showParticleSystems":false,"showVisualEffectGraphs":true,"m_FxEnabled":true},"in2DMode":false,"pivot":{"x":-1.1920928955078126e-7,"y":0.9008342027664185,"z":0.04492765665054321},"rotation":{"x":0.3284022808074951,"y":-0.03198406472802162,"z":0.011138086207211018,"w":0.9439360499382019},"size":1.4803617000579835,"orthographic":false}